serie,country,value,year
People using safely managed drinking water services (% of population),Afghanistan,30.0340981310563,2022
People using safely managed drinking water services (% of population),Albania,70.7360679461577,2022
People using safely managed drinking water services (% of population),Algeria,70.5979339572563,2022
People using safely managed drinking water services (% of population),American Samoa,,2022
People using safely managed drinking water services (% of population),Andorra,90.640001490064,2022
People using safely managed drinking water services (% of population),Armenia,82.4117239415569,2022
People using safely managed drinking water services (% of population),Austria,98.8963233865813,2022
People using safely managed drinking water services (% of population),Azerbaijan,71.6117027151749,2022
People using safely managed drinking water services (% of population),Bahrain,98.9039755631804,2022
People using safely managed drinking water services (% of population),Bangladesh,59.1092953183807,2022
People using safely managed drinking water services (% of population),Belarus,93.0997559157322,2022
People using safely managed drinking water services (% of population),Belgium,99.739449377802,2022
People using safely managed drinking water services (% of population),Bhutan,73.3419919439661,2022
People using safely managed drinking water services (% of population),Bosnia and Herzegovina,86.9706794612828,2022
People using safely managed drinking water services (% of population),Brazil,87.2587154718951,2022
People using safely managed drinking water services (% of population),Bulgaria,95.6543313759674,2022
People using safely managed drinking water services (% of population),Cambodia,29.131279569715,2022
People using safely managed drinking water services (% of population),Canada,99.0397292852425,2022
People using safely managed drinking water services (% of population),Central African Republic,6.12644463898753,2022
People using safely managed drinking water services (% of population),Chad,6.24704860480126,2022
People using safely managed drinking water services (% of population),Chile,98.7713643041914,2022
People using safely managed drinking water services (% of population),Colombia,73.8560448264451,2022
People using safely managed drinking water services (% of population),Democratic Republic of the Congo,11.5843357881251,2022
People using safely managed drinking water services (% of population),Congo,,2022
People using safely managed drinking water services (% of population),Costa Rica,80.5075784878385,2022
People using safely managed drinking water services (% of population),C么te d'Ivoire,43.8921552555398,2022
People using safely managed drinking water services (% of population),Croatia,,2022
People using safely managed drinking water services (% of population),Cyprus,99.7650627352206,2022
People using safely managed drinking water services (% of population),Czechia,97.8834116268806,2022
People using safely managed drinking water services (% of population),Denmark,99.9188291924832,2022
People using safely managed drinking water services (% of population),Dominican Republic,44.9411768110773,2022
People using safely managed drinking water services (% of population),Ecuador,67.0895117739847,2022
People using safely managed drinking water services (% of population),Estonia,97.0193826204319,2022
People using safely managed drinking water services (% of population),Ethiopia,13.2378982432178,2022
People using safely managed drinking water services (% of population),Fiji,41.8635812237094,2022
People using safely managed drinking water services (% of population),Finland,99.6420270617799,2022
People using safely managed drinking water services (% of population),France,99.7041454123987,2022
People using safely managed drinking water services (% of population),Gambia,47.6746525259498,2022
People using safely managed drinking water services (% of population),Georgia,69.1418510304816,2022
People using safely managed drinking water services (% of population),Germany,99.9164119020981,2022
People using safely managed drinking water services (% of population),Ghana,44.4680831984093,2022
People using safely managed drinking water services (% of population),Gibraltar,100,2022
People using safely managed drinking water services (% of population),Greece,98.879641286099,2022
People using safely managed drinking water services (% of population),Grenada,,2022
People using safely managed drinking water services (% of population),Guam,99.059791733307,2022
People using safely managed drinking water services (% of population),Guatemala,56.293305047255,2022
People using safely managed drinking water services (% of population),Guinea-Bissau,23.871601843252,2022
People using safely managed drinking water services (% of population),Honduras,65.2067969400954,2022
People using safely managed drinking water services (% of population),"China, Hong Kong SAR",100,2022
People using safely managed drinking water services (% of population),Hungary,100,2022
People using safely managed drinking water services (% of population),Iceland,100,2022
People using safely managed drinking water services (% of population),Indonesia,30.2661667151466,2022
People using safely managed drinking water services (% of population),Iran (Islamic Republic of),94.2212514688695,2022
People using safely managed drinking water services (% of population),Iraq,59.7426312653863,2022
People using safely managed drinking water services (% of population),Ireland,95.9914050398065,2022
People using safely managed drinking water services (% of population),Isle of Man,99.7098313889755,2022
People using safely managed drinking water services (% of population),Israel,99.4711560405675,2022
People using safely managed drinking water services (% of population),Italy,92.7105575597704,2022
People using safely managed drinking water services (% of population),Japan,98.6585502009944,2022
People using safely managed drinking water services (% of population),Jordan,85.7091310193345,2022
People using safely managed drinking water services (% of population),Kazakhstan,,2022
People using safely managed drinking water services (% of population),Kiribati,14.4140746669502,2022
People using safely managed drinking water services (% of population),Democratic People's Republic of Korea,66.531399868941,2022
People using safely managed drinking water services (% of population),Republic of Korea,99.2801236024823,2022
People using safely managed drinking water services (% of population),Kuwait,100,2022
People using safely managed drinking water services (% of population),Kyrgyzstan,76.4871521039571,2022
People using safely managed drinking water services (% of population),Lao People's Democratic Republic,17.8720755715615,2022
People using safely managed drinking water services (% of population),Latvia,97.1112722593105,2022
People using safely managed drinking water services (% of population),Lebanon,47.7,2022
People using safely managed drinking water services (% of population),Lesotho,28.2174874193037,2022
People using safely managed drinking water services (% of population),Liechtenstein,100,2022
People using safely managed drinking water services (% of population),Lithuania,94.9814964714414,2022
People using safely managed drinking water services (% of population),Luxembourg,99.5340819574653,2022
People using safely managed drinking water services (% of population),Madagascar,22.2392232754516,2022
People using safely managed drinking water services (% of population),Malawi,17.7570796234108,2022
People using safely managed drinking water services (% of population),Malaysia,93.941920809996,2022
People using safely managed drinking water services (% of population),Malta,99.7724155281172,2022
People using safely managed drinking water services (% of population),Mexico,43.0378794213272,2022
People using safely managed drinking water services (% of population),Republic of Moldova,75.2243421159045,2022
People using safely managed drinking water services (% of population),Monaco,100,2022
People using safely managed drinking water services (% of population),Mongolia,39.2801550444961,2022
People using safely managed drinking water services (% of population),Montenegro,85.1189179871969,2022
People using safely managed drinking water services (% of population),Morocco,74.8241993528604,2022
People using safely managed drinking water services (% of population),Myanmar,57.3964993719658,2022
People using safely managed drinking water services (% of population),Nepal,16.1166371410422,2022
People using safely managed drinking water services (% of population),Netherlands,99.9678911890245,2022
People using safely managed drinking water services (% of population),New Caledonia,96.8652854148107,2022
People using safely managed drinking water services (% of population),New Zealand,100,2022
People using safely managed drinking water services (% of population),Nicaragua,,2022
People using safely managed drinking water services (% of population),Nigeria,28.9848848748333,2022
People using safely managed drinking water services (% of population),Republic of North Macedonia,80.4470258702833,2022
People using safely managed drinking water services (% of population),Northern Mariana Islands,90.6391752577319,2022
People using safely managed drinking water services (% of population),Norway,98.8231103374865,2022
People using safely managed drinking water services (% of population),Oman,90.851749132955,2022
People using safely managed drinking water services (% of population),Pakistan,50.6017785742925,2022
People using safely managed drinking water services (% of population),Palau,90.4408486187601,2022
People using safely managed drinking water services (% of population),Paraguay,64.2206042704366,2022
People using safely managed drinking water services (% of population),Peru,51.9852117120259,2022
People using safely managed drinking water services (% of population),Philippines,47.9019041200159,2022
People using safely managed drinking water services (% of population),Poland,88.9144993074404,2022
People using safely managed drinking water services (% of population),Portugal,95.1567339921988,2022
People using safely managed drinking water services (% of population),Puerto Rico,99.8731075904989,2022
People using safely managed drinking water services (% of population),Qatar,96.654816058767,2022
People using safely managed drinking water services (% of population),Romania,82.0723248379512,2022
People using safely managed drinking water services (% of population),Russian Federation,76.2331071384836,2022
People using safely managed drinking water services (% of population),Samoa,62.1917137502586,2022
People using safely managed drinking water services (% of population),San Marino,100,2022
People using safely managed drinking water services (% of population),Sao Tome and Principe,36.3006918200211,2022
People using safely managed drinking water services (% of population),Senegal,26.6925904153209,2022
People using safely managed drinking water services (% of population),Serbia,75.0752476006734,2022
People using safely managed drinking water services (% of population),Sierra Leone,10.262418642337,2022
People using safely managed drinking water services (% of population),Singapore,100,2022
People using safely managed drinking water services (% of population),Slovakia,99.1847298839003,2022
People using safely managed drinking water services (% of population),Slovenia,98.2743209096652,2022
People using safely managed drinking water services (% of population),Spain,99.5671426373018,2022
People using safely managed drinking water services (% of population),Sri Lanka,47.1275328737655,2022
People using safely managed drinking water services (% of population),Saint-Martin (French part),96.6287648090298,2022
People using safely managed drinking water services (% of population),Suriname,55.7961520243991,2022
People using safely managed drinking water services (% of population),Sweden,99.7388798657575,2022
People using safely managed drinking water services (% of population),Switzerland,96.7000018583182,2022
People using safely managed drinking water services (% of population),Tajikistan,55.2921007475287,2022
People using safely managed drinking water services (% of population),United Republic of Tanzania,11.3356525332316,2022
People using safely managed drinking water services (% of population),Togo,19.4177904317129,2022
People using safely managed drinking water services (% of population),Tonga,29.5287016952487,2022
People using safely managed drinking water services (% of population),Tunisia,74.3034603115934,2022
People using safely managed drinking water services (% of population),Turkmenistan,94.8805426953047,2022
People using safely managed drinking water services (% of population),Turks and Caicos Islands,47.0850771759839,2022
People using safely managed drinking water services (% of population),Tuvalu,8.70710061176711,2022
People using safely managed drinking water services (% of population),Uganda,18.6814232075292,2022
People using safely managed drinking water services (% of population),Ukraine,87.6207250140124,2022
People using safely managed drinking water services (% of population),United Kingdom of Great Britain and Northern Ireland,99.8041470058874,2022
People using safely managed drinking water services (% of population),United States of America,97.468388745246,2022
People using safely managed drinking water services (% of population),Uzbekistan,79.8452982407754,2022
People using safely managed drinking water services (% of population),Viet Nam,57.7814114254904,2022
People using safely managed drinking water services (% of population),United States Virgin Islands,,2022
People using safely managed drinking water services (% of population),Palestine,80.3301824695162,2022
People using safely managed drinking water services (% of population),Zimbabwe,26.5164278963248,2022
"People using safely managed drinking water services, urban (% of urban population)",Afghanistan,36.38141,2022
"People using safely managed drinking water services, urban (% of urban population)",Algeria,73.1110134034673,2022
"People using safely managed drinking water services, urban (% of urban population)",Australia,99.528082512975,2022
"People using safely managed drinking water services, urban (% of urban population)",Azerbaijan,92.275,2022
"People using safely managed drinking water services, urban (% of urban population)",Bangladesh,54.1885617141506,2022
"People using safely managed drinking water services, urban (% of urban population)",Bhutan,58.8594958193331,2022
"People using safely managed drinking water services, urban (% of urban population)",Botswana,72.9420625183189,2022
"People using safely managed drinking water services, urban (% of urban population)",Brazil,88.8563797674139,2022
"People using safely managed drinking water services, urban (% of urban population)",Cambodia,57.5,2022
"People using safely managed drinking water services, urban (% of urban population)",Central African Republic,11.2536804500617,2022
"People using safely managed drinking water services, urban (% of urban population)",Chad,17.5865313217952,2022
"People using safely managed drinking water services, urban (% of urban population)",Chile,99.4218210533229,2022
"People using safely managed drinking water services, urban (% of urban population)",China,97.8738540973214,2022
"People using safely managed drinking water services, urban (% of urban population)",Colombia,81.2243144272042,2022
"People using safely managed drinking water services, urban (% of urban population)",Democratic Republic of the Congo,24.1514518785165,2022
"People using safely managed drinking water services, urban (% of urban population)",Congo,,2022
"People using safely managed drinking water services, urban (% of urban population)",Costa Rica,80.38785,2022
"People using safely managed drinking water services, urban (% of urban population)",C么te d'Ivoire,58.7748696767648,2022
"People using safely managed drinking water services, urban (% of urban population)",Croatia,96.55,2022
"People using safely managed drinking water services, urban (% of urban population)",Czechia,97.9600240311468,2022
"People using safely managed drinking water services, urban (% of urban population)",Dominican Republic,46.878282740732,2022
"People using safely managed drinking water services, urban (% of urban population)",Ecuador,74.65207,2022
"People using safely managed drinking water services, urban (% of urban population)",El Salvador,78.570860404463,2022
"People using safely managed drinking water services, urban (% of urban population)",Eswatini,77.532113893412,2022
"People using safely managed drinking water services, urban (% of urban population)",Ethiopia,38.5799199322024,2022
"People using safely managed drinking water services, urban (% of urban population)",Fiji,52.5207271503317,2022
"People using safely managed drinking water services, urban (% of urban population)",France,100,2022
"People using safely managed drinking water services, urban (% of urban population)",Gambia,67.7694843663441,2022
"People using safely managed drinking water services, urban (% of urban population)",Georgia,87.9792219325395,2022
"People using safely managed drinking water services, urban (% of urban population)",Germany,99.9962365596371,2022
"People using safely managed drinking water services, urban (% of urban population)",Ghana,62.56317,2022
"People using safely managed drinking water services, urban (% of urban population)",Gibraltar,100,2022
"People using safely managed drinking water services, urban (% of urban population)",Guatemala,65.5441703423121,2022
"People using safely managed drinking water services, urban (% of urban population)",Guinea-Bissau,36.2741358705984,2022
"People using safely managed drinking water services, urban (% of urban population)",Honduras,78.43548,2022
"People using safely managed drinking water services, urban (% of urban population)","China, Hong Kong SAR",100,2022
"People using safely managed drinking water services, urban (% of urban population)",Hungary,100,2022
"People using safely managed drinking water services, urban (% of urban population)",Indonesia,34.6302362561685,2022
"People using safely managed drinking water services, urban (% of urban population)",Iran (Islamic Republic of),96.1946670479711,2022
"People using safely managed drinking water services, urban (% of urban population)",Iraq,64.6,2022
"People using safely managed drinking water services, urban (% of urban population)",Israel,99.4781874547397,2022
"People using safely managed drinking water services, urban (% of urban population)",Kiribati,20.3698290725563,2022
"People using safely managed drinking water services, urban (% of urban population)",Democratic People's Republic of Korea,76.9636051655807,2022
"People using safely managed drinking water services, urban (% of urban population)",Kuwait,100,2022
"People using safely managed drinking water services, urban (% of urban population)",Kyrgyzstan,91.84967,2022
"People using safely managed drinking water services, urban (% of urban population)",Lao People's Democratic Republic,26.987436862545,2022
"People using safely managed drinking water services, urban (% of urban population)",Lesotho,72.6084592923125,2022
"People using safely managed drinking water services, urban (% of urban population)",Lithuania,99.3242989856502,2022
"People using safely managed drinking water services, urban (% of urban population)",Luxembourg,99.8,2022
"People using safely managed drinking water services, urban (% of urban population)",Malawi,52.3738989062514,2022
"People using safely managed drinking water services, urban (% of urban population)",Monaco,100,2022
"People using safely managed drinking water services, urban (% of urban population)",Mongolia,51.251688061077,2022
"People using safely managed drinking water services, urban (% of urban population)",Montenegro,87.31913,2022
"People using safely managed drinking water services, urban (% of urban population)",Morocco,90.2585600803432,2022
"People using safely managed drinking water services, urban (% of urban population)",Myanmar,72.3997894428532,2022
"People using safely managed drinking water services, urban (% of urban population)",Nepal,23.1623574910178,2022
"People using safely managed drinking water services, urban (% of urban population)",Nicaragua,,2022
"People using safely managed drinking water services, urban (% of urban population)",Nigeria,35.7345207616259,2022
"People using safely managed drinking water services, urban (% of urban population)",Republic of North Macedonia,84.6139243737113,2022
"People using safely managed drinking water services, urban (% of urban population)",Pakistan,56.7844385410618,2022
"People using safely managed drinking water services, urban (% of urban population)",Palau,97.6963795815787,2022
"People using safely managed drinking water services, urban (% of urban population)",Paraguay,72.2064769603427,2022
"People using safely managed drinking water services, urban (% of urban population)",Peru,59.8233125301024,2022
"People using safely managed drinking water services, urban (% of urban population)",Philippines,61.9142232633423,2022
"People using safely managed drinking water services, urban (% of urban population)",Portugal,97.0775462268022,2022
"People using safely managed drinking water services, urban (% of urban population)",Romania,94.9535041959628,2022
"People using safely managed drinking water services, urban (% of urban population)",Rwanda,54.5878260615959,2022
"People using safely managed drinking water services, urban (% of urban population)",Samoa,90.1915,2022
"People using safely managed drinking water services, urban (% of urban population)",Sao Tome and Principe,40.2992102350763,2022
"People using safely managed drinking water services, urban (% of urban population)",Senegal,41.2582174158638,2022
"People using safely managed drinking water services, urban (% of urban population)",Serbia,81.5202794570301,2022
"People using safely managed drinking water services, urban (% of urban population)",Sierra Leone,12.2491821629906,2022
"People using safely managed drinking water services, urban (% of urban population)",Singapore,100,2022
"People using safely managed drinking water services, urban (% of urban population)",South Africa,80.4840685848374,2022
"People using safely managed drinking water services, urban (% of urban population)",Spain,99.7813502450769,2022
"People using safely managed drinking water services, urban (% of urban population)",Sri Lanka,83.0010992796473,2022
"People using safely managed drinking water services, urban (% of urban population)",Saint-Martin (French part),96.6287648090298,2022
"People using safely managed drinking water services, urban (% of urban population)",Suriname,63.4127012869624,2022
"People using safely managed drinking water services, urban (% of urban population)",United Republic of Tanzania,25.4781446943543,2022
"People using safely managed drinking water services, urban (% of urban population)",Togo,33.8598607501493,2022
"People using safely managed drinking water services, urban (% of urban population)",Tonga,50.7819999814477,2022
"People using safely managed drinking water services, urban (% of urban population)",Tunisia,77.3679608207403,2022
"People using safely managed drinking water services, urban (% of urban population)",Turkmenistan,97.0826470588235,2022
"People using safely managed drinking water services, urban (% of urban population)",Turks and Caicos Islands,46.542834789086,2022
"People using safely managed drinking water services, urban (% of urban population)",Tuvalu,10.4653580371129,2022
"People using safely managed drinking water services, urban (% of urban population)",Uganda,45.0850658837083,2022
"People using safely managed drinking water services, urban (% of urban population)",Ukraine,88.2692035106273,2022
"People using safely managed drinking water services, urban (% of urban population)",United States of America,97.5936308276096,2022
"People using safely managed drinking water services, urban (% of urban population)",Uruguay,94.5887445887446,2022
"People using safely managed drinking water services, urban (% of urban population)",Uzbekistan,88.783641822703,2022
"People using safely managed drinking water services, urban (% of urban population)",Vanuatu,56.2617493400041,2022
"People using safely managed drinking water services, urban (% of urban population)",Viet Nam,75.7680136533407,2022
"People using safely managed drinking water services, urban (% of urban population)",Palestine,81.4933544358747,2022
"People using safely managed drinking water services, urban (% of urban population)",Zambia,45.4757775068295,2022
"People using safely managed drinking water services, urban (% of urban population)",Zimbabwe,55.4940588996924,2022
"People using safely managed drinking water services, rural (% of rural population)",Afghanistan,27.7319601777143,2022
"People using safely managed drinking water services, rural (% of rural population)",Algeria,63.1495466893005,2022
"People using safely managed drinking water services, rural (% of rural population)",Azerbaijan,81.1340183685928,2022
"People using safely managed drinking water services, rural (% of rural population)",Bangladesh,62.3504693882469,2022
"People using safely managed drinking water services, rural (% of rural population)",Bhutan,84.5768964033613,2022
"People using safely managed drinking water services, rural (% of rural population)",Brazil,76.0185562080493,2022
"People using safely managed drinking water services, rural (% of rural population)",Cambodia,19.6174579883897,2022
"People using safely managed drinking water services, rural (% of rural population)",Central African Republic,2.23955300787422,2022
"People using safely managed drinking water services, rural (% of rural population)",Chad,2.65378093743915,2022
"People using safely managed drinking water services, rural (% of rural population)",Colombia,40.1754610217383,2022
"People using safely managed drinking water services, rural (% of rural population)",Democratic Republic of the Congo,0.51261395125821,2022
"People using safely managed drinking water services, rural (% of rural population)",Congo,,2022
"People using safely managed drinking water services, rural (% of rural population)",Costa Rica,81.05455,2022
"People using safely managed drinking water services, rural (% of rural population)",C么te d'Ivoire,27.3362789994805,2022
"People using safely managed drinking water services, rural (% of rural population)",Croatia,,2022
"People using safely managed drinking water services, rural (% of rural population)",Czechia,97.661031292224,2022
"People using safely managed drinking water services, rural (% of rural population)",Dominican Republic,34.8853093348134,2022
"People using safely managed drinking water services, rural (% of rural population)",Ecuador,53.3070021621987,2022
"People using safely managed drinking water services, rural (% of rural population)",Ethiopia,5.81246534778021,2022
"People using safely managed drinking water services, rural (% of rural population)",Fiji,27.0074635101765,2022
"People using safely managed drinking water services, rural (% of rural population)",France,98.4,2022
"People using safely managed drinking water services, rural (% of rural population)",Gambia,12.1790409210595,2022
"People using safely managed drinking water services, rural (% of rural population)",Georgia,40.5335025351791,2022
"People using safely managed drinking water services, rural (% of rural population)",Germany,99.6391176470588,2022
"People using safely managed drinking water services, rural (% of rural population)",Ghana,18.839389833302,2022
"People using safely managed drinking water services, rural (% of rural population)",Guatemala,46.0003622801185,2022
"People using safely managed drinking water services, rural (% of rural population)",Guinea-Bissau,13.7072516863149,2022
"People using safely managed drinking water services, rural (% of rural population)",Honduras,45.691208833022,2022
"People using safely managed drinking water services, rural (% of rural population)",Hungary,100,2022
"People using safely managed drinking water services, rural (% of rural population)",India,66.0167730287292,2022
"People using safely managed drinking water services, rural (% of rural population)",Indonesia,24.2558984031647,2022
"People using safely managed drinking water services, rural (% of rural population)",Iran (Islamic Republic of),87.6860155789771,2022
"People using safely managed drinking water services, rural (% of rural population)",Iraq,47.6434646821919,2022
"People using safely managed drinking water services, rural (% of rural population)",Israel,99.3809693174418,2022
"People using safely managed drinking water services, rural (% of rural population)",Kiribati,6.50052916029254,2022
"People using safely managed drinking water services, rural (% of rural population)",Democratic People's Republic of Korea,48.8323156987041,2022
"People using safely managed drinking water services, rural (% of rural population)",Kyrgyzstan,67.2849728036016,2022
"People using safely managed drinking water services, rural (% of rural population)",Lao People's Democratic Republic,12.3813590898693,2022
"People using safely managed drinking water services, rural (% of rural population)",Lesotho,9.24437935755826,2022
"People using safely managed drinking water services, rural (% of rural population)",Luxembourg,96.524738095238,2022
"People using safely managed drinking water services, rural (% of rural population)",Madagascar,9.6005299326262,2022
"People using safely managed drinking water services, rural (% of rural population)",Malawi,10.1685594376309,2022
"People using safely managed drinking water services, rural (% of rural population)",Mongolia,12.7208462984713,2022
"People using safely managed drinking water services, rural (% of rural population)",Morocco,46.6636024465026,2022
"People using safely managed drinking water services, rural (% of rural population)",Myanmar,50.4101818404739,2022
"People using safely managed drinking water services, rural (% of rural population)",Nepal,14.1925168643965,2022
"People using safely managed drinking water services, rural (% of rural population)",Nicaragua,,2022
"People using safely managed drinking water services, rural (% of rural population)",Nigeria,21.2126162481405,2022
"People using safely managed drinking water services, rural (% of rural population)",Republic of North Macedonia,74.4214162087144,2022
"People using safely managed drinking water services, rural (% of rural population)",Pakistan,46.8554860578106,2022
"People using safely managed drinking water services, rural (% of rural population)",Palau,57.4861740759685,2022
"People using safely managed drinking water services, rural (% of rural population)",Paraguay,50.728686295824,2022
"People using safely managed drinking water services, rural (% of rural population)",Peru,23.0108882694586,2022
"People using safely managed drinking water services, rural (% of rural population)",Philippines,34.9793697091866,2022
"People using safely managed drinking water services, rural (% of rural population)",Portugal,91.1889093258745,2022
"People using safely managed drinking water services, rural (% of rural population)",Romania,66.6500664010624,2022
"People using safely managed drinking water services, rural (% of rural population)",Samoa,56.2045788075761,2022
"People using safely managed drinking water services, rural (% of rural population)",Sao Tome and Principe,23.8070703852649,2022
"People using safely managed drinking water services, rural (% of rural population)",Senegal,12.6499227471718,2022
"People using safely managed drinking water services, rural (% of rural population)",Serbia,66.5759717154594,2022
"People using safely managed drinking water services, rural (% of rural population)",Sierra Leone,8.71206515027836,2022
"People using safely managed drinking water services, rural (% of rural population)",Spain,98.6356001759805,2022
"People using safely managed drinking water services, rural (% of rural population)",Sri Lanka,38.6985268483682,2022
"People using safely managed drinking water services, rural (% of rural population)",Suriname,40.8069655348668,2022
"People using safely managed drinking water services, rural (% of rural population)",United Republic of Tanzania,3.14248587493802,2022
"People using safely managed drinking water services, rural (% of rural population)",Togo,8.10678054167963,2022
"People using safely managed drinking water services, rural (% of rural population)",Tonga,23.135433092144,2022
"People using safely managed drinking water services, rural (% of rural population)",Tunisia,67.0795706242636,2022
"People using safely managed drinking water services, rural (% of rural population)",Turkmenistan,92.3475490196079,2022
"People using safely managed drinking water services, rural (% of rural population)",Turks and Caicos Islands,55.651551273702,2022
"People using safely managed drinking water services, rural (% of rural population)",Tuvalu,5.36496826058787,2022
"People using safely managed drinking water services, rural (% of rural population)",Uganda,9.32763666608649,2022
"People using safely managed drinking water services, rural (% of rural population)",Ukraine,86.1134199134199,2022
"People using safely managed drinking water services, rural (% of rural population)",Uzbekistan,70.7387745200691,2022
"People using safely managed drinking water services, rural (% of rural population)",Viet Nam,46.3944594947129,2022
"People using safely managed drinking water services, rural (% of rural population)",Palestine,76.37127,2022
"People using safely managed drinking water services, rural (% of rural population)",Zimbabwe,12.6309130444059,2022
"People using at least basic drinking water services, urban (% of urban population)",Afghanistan,98.9863631687243,2022
"People using at least basic drinking water services, urban (% of urban population)",Albania,95.6638091167437,2022
"People using at least basic drinking water services, urban (% of urban population)",Algeria,96.1077190993754,2022
"People using at least basic drinking water services, urban (% of urban population)",Andorra,100,2022
"People using at least basic drinking water services, urban (% of urban population)",Angola,71.7431486173784,2022
"People using at least basic drinking water services, urban (% of urban population)",Antigua and Barbuda,98.4145801222122,2022
"People using at least basic drinking water services, urban (% of urban population)",Argentina,99.8173132584821,2022
"People using at least basic drinking water services, urban (% of urban population)",Armenia,99.9501400200975,2022
"People using at least basic drinking water services, urban (% of urban population)",Australia,99.965,2022
"People using at least basic drinking water services, urban (% of urban population)",Austria,100,2022
"People using at least basic drinking water services, urban (% of urban population)",Azerbaijan,100,2022
"People using at least basic drinking water services, urban (% of urban population)",Bangladesh,97.7656611404499,2022
"People using at least basic drinking water services, urban (% of urban population)",Belarus,99.4505303943374,2022
"People using at least basic drinking water services, urban (% of urban population)",Belgium,100,2022
"People using at least basic drinking water services, urban (% of urban population)",Belize,98.87896,2022
"People using at least basic drinking water services, urban (% of urban population)",Benin,74.0706832508422,2022
"People using at least basic drinking water services, urban (% of urban population)",Bermuda,99.9031400170636,2022
"People using at least basic drinking water services, urban (% of urban population)",Bhutan,99.5012610088556,2022
"People using at least basic drinking water services, urban (% of urban population)",Bolivia (Plurinational State of),99.5280527747597,2022
"People using at least basic drinking water services, urban (% of urban population)",Bosnia and Herzegovina,94.845704401265,2022
"People using at least basic drinking water services, urban (% of urban population)",Botswana,97.5473589158191,2022
"People using at least basic drinking water services, urban (% of urban population)",Brazil,99.8221393379292,2022
"People using at least basic drinking water services, urban (% of urban population)",Bulgaria,99.6067785423312,2022
"People using at least basic drinking water services, urban (% of urban population)",Burkina Faso,80.8561525910239,2022
"People using at least basic drinking water services, urban (% of urban population)",Burundi,90.6691108616384,2022
"People using at least basic drinking water services, urban (% of urban population)",Cabo Verde,93.2094239957207,2022
"People using at least basic drinking water services, urban (% of urban population)",Cambodia,93.6374894847758,2022
"People using at least basic drinking water services, urban (% of urban population)",Cameroon,81.6294004787052,2022
"People using at least basic drinking water services, urban (% of urban population)",Canada,99.2582776628895,2022
"People using at least basic drinking water services, urban (% of urban population)",Cayman Islands,95.4978527607362,2022
"People using at least basic drinking water services, urban (% of urban population)",Central African Republic,48.0642368390066,2022
"People using at least basic drinking water services, urban (% of urban population)",Chad,77.8596065390402,2022
"People using at least basic drinking water services, urban (% of urban population)",Chile,100,2022
"People using at least basic drinking water services, urban (% of urban population)",China,98.3608979866493,2022
"People using at least basic drinking water services, urban (% of urban population)",Colombia,99.9180793254157,2022
"People using at least basic drinking water services, urban (% of urban population)",Comoros,,2022
"People using at least basic drinking water services, urban (% of urban population)",Democratic Republic of the Congo,59.30889560734,2022
"People using at least basic drinking water services, urban (% of urban population)",Congo,,2022
"People using at least basic drinking water services, urban (% of urban population)",Costa Rica,99.8496528571429,2022
"People using at least basic drinking water services, urban (% of urban population)",C么te d'Ivoire,86.1583487556531,2022
"People using at least basic drinking water services, urban (% of urban population)",Croatia,100,2022
"People using at least basic drinking water services, urban (% of urban population)",Cuba,95.4765873055364,2022
"People using at least basic drinking water services, urban (% of urban population)",Cyprus,99.7251581174845,2022
"People using at least basic drinking water services, urban (% of urban population)",Czechia,99.9026509321019,2022
"People using at least basic drinking water services, urban (% of urban population)",Denmark,100,2022
"People using at least basic drinking water services, urban (% of urban population)",Djibouti,84.13501492735,2022
"People using at least basic drinking water services, urban (% of urban population)",Dominican Republic,97.7804091971517,2022
"People using at least basic drinking water services, urban (% of urban population)",Ecuador,100,2022
"People using at least basic drinking water services, urban (% of urban population)",Egypt,99.285964997043,2022
"People using at least basic drinking water services, urban (% of urban population)",El Salvador,100,2022
"People using at least basic drinking water services, urban (% of urban population)",Equatorial Guinea,,2022
"People using at least basic drinking water services, urban (% of urban population)",Eritrea,,2022
"People using at least basic drinking water services, urban (% of urban population)",Estonia,100,2022
"People using at least basic drinking water services, urban (% of urban population)",Eswatini,97.9554739469809,2022
"People using at least basic drinking water services, urban (% of urban population)",Ethiopia,83.237081043224,2022
"People using at least basic drinking water services, urban (% of urban population)",Fiji,98.6649346976929,2022
"People using at least basic drinking water services, urban (% of urban population)",Finland,100,2022
"People using at least basic drinking water services, urban (% of urban population)",France,100,2022
"People using at least basic drinking water services, urban (% of urban population)",Gabon,90.2029075181737,2022
"People using at least basic drinking water services, urban (% of urban population)",Gambia,90.8866535208996,2022
"People using at least basic drinking water services, urban (% of urban population)",Georgia,99.2153920634227,2022
"People using at least basic drinking water services, urban (% of urban population)",Germany,100,2022
"People using at least basic drinking water services, urban (% of urban population)",Ghana,98.4258345054467,2022
"People using at least basic drinking water services, urban (% of urban population)",Gibraltar,100,2022
"People using at least basic drinking water services, urban (% of urban population)",Greece,100,2022
"People using at least basic drinking water services, urban (% of urban population)",Guatemala,97.8216969700046,2022
"People using at least basic drinking water services, urban (% of urban population)",Guinea,92.0327922054199,2022
"People using at least basic drinking water services, urban (% of urban population)",Guinea-Bissau,73.0724091454788,2022
"People using at least basic drinking water services, urban (% of urban population)",Guyana,96.0128121551724,2022
"People using at least basic drinking water services, urban (% of urban population)",Haiti,84.6226212860512,2022
"People using at least basic drinking water services, urban (% of urban population)",Honduras,99.2164936563071,2022
"People using at least basic drinking water services, urban (% of urban population)","China, Hong Kong SAR",100,2022
"People using at least basic drinking water services, urban (% of urban population)",Hungary,100,2022
"People using at least basic drinking water services, urban (% of urban population)",Iceland,100,2022
"People using at least basic drinking water services, urban (% of urban population)",India,95.76062983726,2022
"People using at least basic drinking water services, urban (% of urban population)",Indonesia,98.3303463764827,2022
"People using at least basic drinking water services, urban (% of urban population)",Iran (Islamic Republic of),98.6916732531412,2022
"People using at least basic drinking water services, urban (% of urban population)",Iraq,99.8087310300429,2022
"People using at least basic drinking water services, urban (% of urban population)",Ireland,95.4066797251747,2022
"People using at least basic drinking water services, urban (% of urban population)",Israel,100,2022
"People using at least basic drinking water services, urban (% of urban population)",Jamaica,95.3980159051281,2022
"People using at least basic drinking water services, urban (% of urban population)",Jordan,99.1467721099737,2022
"People using at least basic drinking water services, urban (% of urban population)",Kazakhstan,98.0007313274336,2022
"People using at least basic drinking water services, urban (% of urban population)",Kenya,86.351878232826,2022
"People using at least basic drinking water services, urban (% of urban population)",Kiribati,87.8591039202889,2022
"People using at least basic drinking water services, urban (% of urban population)",Democratic People's Republic of Korea,96.9135104435711,2022
"People using at least basic drinking water services, urban (% of urban population)",Kuwait,100,2022
"People using at least basic drinking water services, urban (% of urban population)",Kyrgyzstan,99.184912,2022
"People using at least basic drinking water services, urban (% of urban population)",Lao People's Democratic Republic,97.0642622219252,2022
"People using at least basic drinking water services, urban (% of urban population)",Latvia,98.9039324455206,2022
"People using at least basic drinking water services, urban (% of urban population)",Lesotho,92.9603820072446,2022
"People using at least basic drinking water services, urban (% of urban population)",Liberia,84.581705719649,2022
"People using at least basic drinking water services, urban (% of urban population)",Lithuania,100,2022
"People using at least basic drinking water services, urban (% of urban population)",Luxembourg,100,2022
"People using at least basic drinking water services, urban (% of urban population)",Madagascar,79.7517264483205,2022
"People using at least basic drinking water services, urban (% of urban population)",Malawi,85.9321812922491,2022
"People using at least basic drinking water services, urban (% of urban population)",Malaysia,99.1350018785198,2022
"People using at least basic drinking water services, urban (% of urban population)",Maldives,99.0506888549107,2022
"People using at least basic drinking water services, urban (% of urban population)",Mali,94.7002840429321,2022
"People using at least basic drinking water services, urban (% of urban population)",Malta,100,2022
"People using at least basic drinking water services, urban (% of urban population)",Marshall Islands,84.4713204294402,2022
"People using at least basic drinking water services, urban (% of urban population)",Mauritania,94.5889099994838,2022
"People using at least basic drinking water services, urban (% of urban population)",Mauritius,100,2022
"People using at least basic drinking water services, urban (% of urban population)",Mexico,100,2022
"People using at least basic drinking water services, urban (% of urban population)",Micronesia (Federated States of)',,2022
"People using at least basic drinking water services, urban (% of urban population)",Republic of Moldova,97.6856703494121,2022
"People using at least basic drinking water services, urban (% of urban population)",Monaco,100,2022
"People using at least basic drinking water services, urban (% of urban population)",Mongolia,94.2280304197094,2022
"People using at least basic drinking water services, urban (% of urban population)",Montenegro,99.191739587156,2022
"People using at least basic drinking water services, urban (% of urban population)",Morocco,98.7639482409339,2022
"People using at least basic drinking water services, urban (% of urban population)",Mozambique,87.2800389804587,2022
"People using at least basic drinking water services, urban (% of urban population)",Myanmar,93.6607884124879,2022
"People using at least basic drinking water services, urban (% of urban population)",Namibia,96.2466593678572,2022
"People using at least basic drinking water services, urban (% of urban population)",Nauru,,2022
"People using at least basic drinking water services, urban (% of urban population)",Nepal,89.9666489874344,2022
"People using at least basic drinking water services, urban (% of urban population)",Netherlands,100,2022
"People using at least basic drinking water services, urban (% of urban population)",New Zealand,100,2022
"People using at least basic drinking water services, urban (% of urban population)",Nicaragua,,2022
"People using at least basic drinking water services, urban (% of urban population)",Niger,88.2595062292899,2022
"People using at least basic drinking water services, urban (% of urban population)",Nigeria,93.6734256692344,2022
"People using at least basic drinking water services, urban (% of urban population)",Republic of North Macedonia,98.123894155599,2022
"People using at least basic drinking water services, urban (% of urban population)",Norway,100,2022
"People using at least basic drinking water services, urban (% of urban population)",Oman,94.7,2022
"People using at least basic drinking water services, urban (% of urban population)",Pakistan,92.8767357105271,2022
"People using at least basic drinking water services, urban (% of urban population)",Palau,99.6149256685137,2022
"People using at least basic drinking water services, urban (% of urban population)",Panama,98.484379,2022
"People using at least basic drinking water services, urban (% of urban population)",Papua New Guinea,86.9445905746909,2022
"People using at least basic drinking water services, urban (% of urban population)",Paraguay,99.8867485356581,2022
"People using at least basic drinking water services, urban (% of urban population)",Peru,97.4752863237919,2022
"People using at least basic drinking water services, urban (% of urban population)",Philippines,97.7747719560107,2022
"People using at least basic drinking water services, urban (% of urban population)",Poland,95.7820499427108,2022
"People using at least basic drinking water services, urban (% of urban population)",Portugal,99.9410276949527,2022
"People using at least basic drinking water services, urban (% of urban population)",Romania,100,2022
"People using at least basic drinking water services, urban (% of urban population)",Russian Federation,98.8891758189747,2022
"People using at least basic drinking water services, urban (% of urban population)",Rwanda,88.1363538084858,2022
"People using at least basic drinking water services, urban (% of urban population)",Samoa,100,2022
"People using at least basic drinking water services, urban (% of urban population)",Sao Tome and Principe,79.331418330953,2022
"People using at least basic drinking water services, urban (% of urban population)",Saudi Arabia,98.4064,2022
"People using at least basic drinking water services, urban (% of urban population)",Senegal,95.8727155558148,2022
"People using at least basic drinking water services, urban (% of urban population)",Serbia,95.381414911385,2022
"People using at least basic drinking water services, urban (% of urban population)",Sierra Leone,79.7975233768794,2022
"People using at least basic drinking water services, urban (% of urban population)",Singapore,100,2022
"People using at least basic drinking water services, urban (% of urban population)",Slovakia,99.6050940626174,2022
"People using at least basic drinking water services, urban (% of urban population)",Solomon Islands,,2022
"People using at least basic drinking water services, urban (% of urban population)",Somalia,80.0918251570989,2022
"People using at least basic drinking water services, urban (% of urban population)",South Africa,99.1052892116817,2022
"People using at least basic drinking water services, urban (% of urban population)",South Sudan,70.0177044461856,2022
"People using at least basic drinking water services, urban (% of urban population)",Spain,99.9079452054795,2022
"People using at least basic drinking water services, urban (% of urban population)",Sri Lanka,98.1343490737667,2022
"People using at least basic drinking water services, urban (% of urban population)",St. Lucia,97.2058221906466,2022
"People using at least basic drinking water services, urban (% of urban population)",Saint-Martin (French part),99.9263338252635,2022
"People using at least basic drinking water services, urban (% of urban population)",Saint Vincent and the Grenadines,,2022
"People using at least basic drinking water services, urban (% of urban population)",Sudan,74.1888431639542,2022
"People using at least basic drinking water services, urban (% of urban population)",Suriname,98.7138538704763,2022
"People using at least basic drinking water services, urban (% of urban population)",Sweden,99.7585480665348,2022
"People using at least basic drinking water services, urban (% of urban population)",Switzerland,100,2022
"People using at least basic drinking water services, urban (% of urban population)",Syrian Arab Republic,95.5973177259756,2022
"People using at least basic drinking water services, urban (% of urban population)",Tajikistan,95.5806238613837,2022
"People using at least basic drinking water services, urban (% of urban population)",United Republic of Tanzania,81.1123863795452,2022
"People using at least basic drinking water services, urban (% of urban population)",Thailand,100,2022
"People using at least basic drinking water services, urban (% of urban population)",Timor-Leste,98.44156,2022
"People using at least basic drinking water services, urban (% of urban population)",Togo,86.9815665034949,2022
"People using at least basic drinking water services, urban (% of urban population)",Tonga,99.5809395241113,2022
"People using at least basic drinking water services, urban (% of urban population)",Tunisia,98.7770809314678,2022
"People using at least basic drinking water services, urban (% of urban population)",Turkiye,97.3248178334535,2022
"People using at least basic drinking water services, urban (% of urban population)",Turkmenistan,100,2022
"People using at least basic drinking water services, urban (% of urban population)",Turks and Caicos Islands,99.24760522108,2022
"People using at least basic drinking water services, urban (% of urban population)",Tuvalu,99.0017825823905,2022
"People using at least basic drinking water services, urban (% of urban population)",Uganda,80.2632147699101,2022
"People using at least basic drinking water services, urban (% of urban population)",Ukraine,90.831956481355,2022
"People using at least basic drinking water services, urban (% of urban population)",United Arab Emirates,100,2022
"People using at least basic drinking water services, urban (% of urban population)",United Kingdom of Great Britain and Northern Ireland,100,2022
"People using at least basic drinking water services, urban (% of urban population)",United States of America,99.956803942454,2022
"People using at least basic drinking water services, urban (% of urban population)",Uruguay,99.6975651041162,2022
"People using at least basic drinking water services, urban (% of urban population)",Uzbekistan,97.9776693824649,2022
"People using at least basic drinking water services, urban (% of urban population)",Vanuatu,99.1974284880811,2022
"People using at least basic drinking water services, urban (% of urban population)",Venezuela (Bolivarian Republic of),,2022
"People using at least basic drinking water services, urban (% of urban population)",Viet Nam,99.1016056180334,2022
"People using at least basic drinking water services, urban (% of urban population)",United States Virgin Islands,,2022
"People using at least basic drinking water services, urban (% of urban population)",Palestine,97.9876539570543,2022
"People using at least basic drinking water services, urban (% of urban population)",Yemen,77.2013717853277,2022
"People using at least basic drinking water services, urban (% of urban population)",Zambia,88.5540371883338,2022
"People using at least basic drinking water services, urban (% of urban population)",Zimbabwe,92.7603194791347,2022
"People using at least basic drinking water services, rural (% of rural population)",Afghanistan,76.0781091748725,2022
"People using at least basic drinking water services, rural (% of rural population)",Albania,94.0913580589588,2022
"People using at least basic drinking water services, rural (% of rural population)",Algeria,90.3747211504658,2022
"People using at least basic drinking water services, rural (% of rural population)",Andorra,100,2022
"People using at least basic drinking water services, rural (% of rural population)",Angola,27.8082266100648,2022
"People using at least basic drinking water services, rural (% of rural population)",Antigua and Barbuda,98.3489563398159,2022
"People using at least basic drinking water services, rural (% of rural population)",Argentina,,2022
"People using at least basic drinking water services, rural (% of rural population)",Armenia,100,2022
"People using at least basic drinking water services, rural (% of rural population)",Australia,100,2022
"People using at least basic drinking water services, rural (% of rural population)",Austria,100,2022
"People using at least basic drinking water services, rural (% of rural population)",Azerbaijan,94.494955733841,2022
"People using at least basic drinking water services, rural (% of rural population)",Bangladesh,98.3153470233054,2022
"People using at least basic drinking water services, rural (% of rural population)",Belarus,98.0697125555667,2022
"People using at least basic drinking water services, rural (% of rural population)",Belgium,100,2022
"People using at least basic drinking water services, rural (% of rural population)",Belize,97.9952075788972,2022
"People using at least basic drinking water services, rural (% of rural population)",Benin,60.7737858108605,2022
"People using at least basic drinking water services, rural (% of rural population)",Bhutan,98.8445628653846,2022
"People using at least basic drinking water services, rural (% of rural population)",Bolivia (Plurinational State of),80.9655530027116,2022
"People using at least basic drinking water services, rural (% of rural population)",Bosnia and Herzegovina,97.3333333333333,2022
"People using at least basic drinking water services, rural (% of rural population)",Botswana,79.6189409837515,2022
"People using at least basic drinking water services, rural (% of rural population)",Brazil,97.9870921875149,2022
"People using at least basic drinking water services, rural (% of rural population)",Bulgaria,97.3042775949824,2022
"People using at least basic drinking water services, rural (% of rural population)",Burkina Faso,34.8360456549294,2022
"People using at least basic drinking water services, rural (% of rural population)",Burundi,57.6857652687347,2022
"People using at least basic drinking water services, rural (% of rural population)",Cabo Verde,82.9222567954104,2022
"People using at least basic drinking water services, rural (% of rural population)",Cambodia,72.7644473306969,2022
"People using at least basic drinking water services, rural (% of rural population)",Cameroon,52.4611778363656,2022
"People using at least basic drinking water services, rural (% of rural population)",Canada,99.0604958994334,2022
"People using at least basic drinking water services, rural (% of rural population)",Central African Republic,27.3729689965089,2022
"People using at least basic drinking water services, rural (% of rural population)",Chad,43.7991962414594,2022
"People using at least basic drinking water services, rural (% of rural population)",Chile,100,2022
"People using at least basic drinking water services, rural (% of rural population)",China,96.4016075197373,2022
"People using at least basic drinking water services, rural (% of rural population)",Colombia,86.6572547864528,2022
"People using at least basic drinking water services, rural (% of rural population)",Comoros,,2022
"People using at least basic drinking water services, rural (% of rural population)",Democratic Republic of the Congo,13.8029467804145,2022
"People using at least basic drinking water services, rural (% of rural population)",Congo,,2022
"People using at least basic drinking water services, rural (% of rural population)",Costa Rica,99.64625,2022
"People using at least basic drinking water services, rural (% of rural population)",C么te d'Ivoire,58.0474399634035,2022
"People using at least basic drinking water services, rural (% of rural population)",Cuba,91.8309365199145,2022
"People using at least basic drinking water services, rural (% of rural population)",Cyprus,99.8457617163815,2022
"People using at least basic drinking water services, rural (% of rural population)",Czechia,99.8175993035151,2022
"People using at least basic drinking water services, rural (% of rural population)",Denmark,100,2022
"People using at least basic drinking water services, rural (% of rural population)",Djibouti,47.2807329318761,2022
"People using at least basic drinking water services, rural (% of rural population)",Dominican Republic,91.4289783998909,2022
"People using at least basic drinking water services, rural (% of rural population)",Ecuador,87.8728298730994,2022
"People using at least basic drinking water services, rural (% of rural population)",Egypt,98.3792867223723,2022
"People using at least basic drinking water services, rural (% of rural population)",El Salvador,94.4245971212915,2022
"People using at least basic drinking water services, rural (% of rural population)",Equatorial Guinea,,2022
"People using at least basic drinking water services, rural (% of rural population)",Eritrea,,2022
"People using at least basic drinking water services, rural (% of rural population)",Estonia,100,2022
"People using at least basic drinking water services, rural (% of rural population)",Eswatini,65.4879931309376,2022
"People using at least basic drinking water services, rural (% of rural population)",Ethiopia,42.2175167972411,2022
"People using at least basic drinking water services, rural (% of rural population)",Fiji,91.0608526949935,2022
"People using at least basic drinking water services, rural (% of rural population)",Finland,100,2022
"People using at least basic drinking water services, rural (% of rural population)",France,100,2022
"People using at least basic drinking water services, rural (% of rural population)",Gabon,54.8533105130613,2022
"People using at least basic drinking water services, rural (% of rural population)",Gambia,76.3905742429857,2022
"People using at least basic drinking water services, rural (% of rural population)",Georgia,88.5414881004009,2022
"People using at least basic drinking water services, rural (% of rural population)",Germany,100,2022
"People using at least basic drinking water services, rural (% of rural population)",Ghana,74.1217993042215,2022
"People using at least basic drinking water services, rural (% of rural population)",Gibraltar,,2022
"People using at least basic drinking water services, rural (% of rural population)",Greece,100,2022
"People using at least basic drinking water services, rural (% of rural population)",Guatemala,91.0494206522756,2022
"People using at least basic drinking water services, rural (% of rural population)",Guinea,59.0135051029011,2022
"People using at least basic drinking water services, rural (% of rural population)",Guinea-Bissau,52.5184046413103,2022
"People using at least basic drinking water services, rural (% of rural population)",Guyana,95.803052710465,2022
"People using at least basic drinking water services, rural (% of rural population)",Haiti,42.8457000950256,2022
"People using at least basic drinking water services, rural (% of rural population)",Honduras,90.7699538508342,2022
"People using at least basic drinking water services, rural (% of rural population)",Hungary,100,2022
"People using at least basic drinking water services, rural (% of rural population)",Iceland,100,2022
"People using at least basic drinking water services, rural (% of rural population)",India,91.9221582885169,2022
"People using at least basic drinking water services, rural (% of rural population)",Indonesia,88.2909973981656,2022
"People using at least basic drinking water services, rural (% of rural population)",Iran (Islamic Republic of),94.3779469795339,2022
"People using at least basic drinking water services, rural (% of rural population)",Iraq,94.8311467839767,2022
"People using at least basic drinking water services, rural (% of rural population)",Ireland,97.0392150757802,2022
"People using at least basic drinking water services, rural (% of rural population)",Israel,100,2022
"People using at least basic drinking water services, rural (% of rural population)",Jamaica,85.3999121605272,2022
"People using at least basic drinking water services, rural (% of rural population)",Jordan,96.9763947974879,2022
"People using at least basic drinking water services, rural (% of rural population)",Kazakhstan,,2022
"People using at least basic drinking water services, rural (% of rural population)",Kenya,53.2662965146579,2022
"People using at least basic drinking water services, rural (% of rural population)",Kiribati,59.530195345788,2022
"People using at least basic drinking water services, rural (% of rural population)",Democratic People's Republic of Korea,88.7536248830462,2022
"People using at least basic drinking water services, rural (% of rural population)",Kyrgyzstan,85.7707186151589,2022
"People using at least basic drinking water services, rural (% of rural population)",Lao People's Democratic Republic,78.4729594216113,2022
"People using at least basic drinking water services, rural (% of rural population)",Latvia,98.8708687211841,2022
"People using at least basic drinking water services, rural (% of rural population)",Lesotho,65.8543452801298,2022
"People using at least basic drinking water services, rural (% of rural population)",Liberia,65.4668168710631,2022
"People using at least basic drinking water services, rural (% of rural population)",Lithuania,93.782780229154,2022
"People using at least basic drinking water services, rural (% of rural population)",Luxembourg,98.5952380952381,2022
"People using at least basic drinking water services, rural (% of rural population)",Madagascar,36.0279754993196,2022
"People using at least basic drinking water services, rural (% of rural population)",Malawi,68.7896882602263,2022
"People using at least basic drinking water services, rural (% of rural population)",Malaysia,90.053275904642,2022
"People using at least basic drinking water services, rural (% of rural population)",Maldives,99.9190125,2022
"People using at least basic drinking water services, rural (% of rural population)",Mali,74.4469622561735,2022
"People using at least basic drinking water services, rural (% of rural population)",Malta,100,2022
"People using at least basic drinking water services, rural (% of rural population)",Marshall Islands,87.2293144531972,2022
"People using at least basic drinking water services, rural (% of rural population)",Mauritania,55.6408629217857,2022
"People using at least basic drinking water services, rural (% of rural population)",Mauritius,100,2022
"People using at least basic drinking water services, rural (% of rural population)",Mexico,98.4300955471281,2022
"People using at least basic drinking water services, rural (% of rural population)",Republic of Moldova,87.7231500331516,2022
"People using at least basic drinking water services, rural (% of rural population)",Mongolia,59.7355866427176,2022
"People using at least basic drinking water services, rural (% of rural population)",Montenegro,98.1618875437715,2022
"People using at least basic drinking water services, rural (% of rural population)",Morocco,65.5911766622958,2022
"People using at least basic drinking water services, rural (% of rural population)",Mozambique,48.3162721869198,2022
"People using at least basic drinking water services, rural (% of rural population)",Myanmar,77.1335833793785,2022
"People using at least basic drinking water services, rural (% of rural population)",Namibia,73.8017284072131,2022
"People using at least basic drinking water services, rural (% of rural population)",Nepal,91.5814992609594,2022
"People using at least basic drinking water services, rural (% of rural population)",Netherlands,100,2022
"People using at least basic drinking water services, rural (% of rural population)",New Zealand,100,2022
"People using at least basic drinking water services, rural (% of rural population)",Nicaragua,,2022
"People using at least basic drinking water services, rural (% of rural population)",Niger,40.8941686691261,2022
"People using at least basic drinking water services, rural (% of rural population)",Nigeria,63.4791073466941,2022
"People using at least basic drinking water services, rural (% of rural population)",Republic of North Macedonia,97.435730225951,2022
"People using at least basic drinking water services, rural (% of rural population)",Norway,100,2022
"People using at least basic drinking water services, rural (% of rural population)",Oman,76.2507799139666,2022
"People using at least basic drinking water services, rural (% of rural population)",Pakistan,89.2618055503443,2022
"People using at least basic drinking water services, rural (% of rural population)",Palau,99.3684433000724,2022
"People using at least basic drinking water services, rural (% of rural population)",Panama,86.0639755128988,2022
"People using at least basic drinking water services, rural (% of rural population)",Papua New Guinea,44.4656955498543,2022
"People using at least basic drinking water services, rural (% of rural population)",Paraguay,99.1112275316309,2022
"People using at least basic drinking water services, rural (% of rural population)",Peru,84.9378165897569,2022
"People using at least basic drinking water services, rural (% of rural population)",Philippines,92.2032753744962,2022
"People using at least basic drinking water services, rural (% of rural population)",Poland,82.2053961755528,2022
"People using at least basic drinking water services, rural (% of rural population)",Portugal,97.8544494194459,2022
"People using at least basic drinking water services, rural (% of rural population)",Romania,100,2022
"People using at least basic drinking water services, rural (% of rural population)",Russian Federation,91.5016356902812,2022
"People using at least basic drinking water services, rural (% of rural population)",Rwanda,60.1395688898096,2022
"People using at least basic drinking water services, rural (% of rural population)",Samoa,98.8318316117103,2022
"People using at least basic drinking water services, rural (% of rural population)",Sao Tome and Principe,71.1222885534544,2022
"People using at least basic drinking water services, rural (% of rural population)",Saudi Arabia,100,2022
"People using at least basic drinking water services, rural (% of rural population)",Senegal,76.9723292448194,2022
"People using at least basic drinking water services, rural (% of rural population)",Serbia,96.0694346820256,2022
"People using at least basic drinking water services, rural (% of rural population)",Sierra Leone,54.058407858403,2022
"People using at least basic drinking water services, rural (% of rural population)",Slovakia,100,2022
"People using at least basic drinking water services, rural (% of rural population)",Solomon Islands,59.4052674933718,2022
"People using at least basic drinking water services, rural (% of rural population)",Somalia,38.6453968624667,2022
"People using at least basic drinking water services, rural (% of rural population)",South Africa,84.5365224090115,2022
"People using at least basic drinking water services, rural (% of rural population)",South Sudan,33.5936288141032,2022
"People using at least basic drinking water services, rural (% of rural population)",Spain,100,2022
"People using at least basic drinking water services, rural (% of rural population)",Sri Lanka,87.2367276930683,2022
"People using at least basic drinking water services, rural (% of rural population)",St. Lucia,96.8140238277138,2022
"People using at least basic drinking water services, rural (% of rural population)",Saint Vincent and the Grenadines,,2022
"People using at least basic drinking water services, rural (% of rural population)",Sudan,59.7163406041912,2022
"People using at least basic drinking water services, rural (% of rural population)",Suriname,96.5744126253473,2022
"People using at least basic drinking water services, rural (% of rural population)",Sweden,99.5876453784791,2022
"People using at least basic drinking water services, rural (% of rural population)",Switzerland,100,2022
"People using at least basic drinking water services, rural (% of rural population)",Syrian Arab Republic,92.082745,2022
"People using at least basic drinking water services, rural (% of rural population)",Tajikistan,76.6435992040191,2022
"People using at least basic drinking water services, rural (% of rural population)",United Republic of Tanzania,49.0184639582759,2022
"People using at least basic drinking water services, rural (% of rural population)",Thailand,100,2022
"People using at least basic drinking water services, rural (% of rural population)",Timor-Leste,81.6248421955579,2022
"People using at least basic drinking water services, rural (% of rural population)",Togo,58.4667063621481,2022
"People using at least basic drinking water services, rural (% of rural population)",Tonga,98.5807922677123,2022
"People using at least basic drinking water services, rural (% of rural population)",Tunisia,93.421044221072,2022
"People using at least basic drinking water services, rural (% of rural population)",Turkiye,96.0251697702089,2022
"People using at least basic drinking water services, rural (% of rural population)",Turkmenistan,100,2022
"People using at least basic drinking water services, rural (% of rural population)",Turks and Caicos Islands,91.78810634106,2022
"People using at least basic drinking water services, rural (% of rural population)",Tuvalu,99.7396947852075,2022
"People using at least basic drinking water services, rural (% of rural population)",Uganda,51.8188449146633,2022
"People using at least basic drinking water services, rural (% of rural population)",Ukraine,100,2022
"People using at least basic drinking water services, rural (% of rural population)",United Arab Emirates,100,2022
"People using at least basic drinking water services, rural (% of rural population)",United Kingdom of Great Britain and Northern Ireland,100,2022
"People using at least basic drinking water services, rural (% of rural population)",United States of America,100,2022
"People using at least basic drinking water services, rural (% of rural population)",Uruguay,95.30083,2022
"People using at least basic drinking water services, rural (% of rural population)",Uzbekistan,95.2424563707773,2022
"People using at least basic drinking water services, rural (% of rural population)",Vanuatu,88.6022683263555,2022
"People using at least basic drinking water services, rural (% of rural population)",Viet Nam,97.2320747709909,2022
"People using at least basic drinking water services, rural (% of rural population)",Palestine,100,2022
"People using at least basic drinking water services, rural (% of rural population)",Yemen,51.8065037822663,2022
"People using at least basic drinking water services, rural (% of rural population)",Zambia,51.1156075207048,2022
"People using at least basic drinking water services, rural (% of rural population)",Zimbabwe,47.6955130204854,2022
People using at least basic drinking water services (% of population),Afghanistan,82.1753711181706,2022
People using at least basic drinking water services (% of population),Albania,95.0945635220358,2022
People using at least basic drinking water services (% of population),Algeria,94.6613975479238,2022
People using at least basic drinking water services (% of population),American Samoa,,2022
People using at least basic drinking water services (% of population),Andorra,100,2022
People using at least basic drinking water services (% of population),Angola,57.7195606692859,2022
People using at least basic drinking water services (% of population),Antigua and Barbuda,98.3649356183032,2022
People using at least basic drinking water services (% of population),Argentina,,2022
People using at least basic drinking water services (% of population),Armenia,99.9683044970836,2022
People using at least basic drinking water services (% of population),Aruba,,2022
People using at least basic drinking water services (% of population),Australia,99.9697313918139,2022
People using at least basic drinking water services (% of population),Austria,99.9999993664088,2022
People using at least basic drinking water services (% of population),Azerbaijan,97.6421868392552,2022
People using at least basic drinking water services (% of population),Bahamas,,2022
People using at least basic drinking water services (% of population),Bahrain,99.9198990209829,2022
People using at least basic drinking water services (% of population),Bangladesh,98.0970629849078,2022
People using at least basic drinking water services (% of population),Barbados,98.5144504186196,2022
People using at least basic drinking water services (% of population),Belarus,99.1788681126899,2022
People using at least basic drinking water services (% of population),Belgium,100,2022
People using at least basic drinking water services (% of population),Belize,98.4052341232454,2022
People using at least basic drinking water services (% of population),Benin,67.360269806167,2022
People using at least basic drinking water services (% of population),Bermuda,99.9031400170636,2022
People using at least basic drinking water services (% of population),Bhutan,99.1314463044604,2022
People using at least basic drinking water services (% of population),Bolivia (Plurinational State of),94.1133703836164,2022
People using at least basic drinking water services (% of population),Bosnia and Herzegovina,96.093474218664,2022
People using at least basic drinking water services (% of population),Botswana,92.5675619878434,2022
People using at least basic drinking water services (% of population),Brazil,99.5937713070223,2022
People using at least basic drinking water services (% of population),British Virgin Islands,99.8643835616439,2022
People using at least basic drinking water services (% of population),Brunei Darussalam,99.9000511641487,2022
People using at least basic drinking water services (% of population),Bulgaria,99.0625327881186,2022
People using at least basic drinking water services (% of population),Burkina Faso,49.5058741648756,2022
People using at least basic drinking water services (% of population),Burundi,62.4409754907774,2022
People using at least basic drinking water services (% of population),Cabo Verde,89.8707246052462,2022
People using at least basic drinking water services (% of population),Cambodia,78.0065041801654,2022
People using at least basic drinking water services (% of population),Cameroon,69.5925526409308,2022
People using at least basic drinking water services (% of population),Canada,99.2221843145889,2022
People using at least basic drinking water services (% of population),Cayman Islands,95.4978527607362,2022
People using at least basic drinking water services (% of population),Central African Republic,36.2950435814739,2022
People using at least basic drinking water services (% of population),Chad,51.9951525151374,2022
People using at least basic drinking water services (% of population),Chile,99.9999982963226,2022
People using at least basic drinking water services (% of population),China,97.6469295532532,2022
People using at least basic drinking water services (% of population),Colombia,97.5377603878354,2022
People using at least basic drinking water services (% of population),Comoros,,2022
People using at least basic drinking water services (% of population),Democratic Republic of the Congo,35.1165665799026,2022
People using at least basic drinking water services (% of population),Congo,,2022
People using at least basic drinking water services (% of population),Costa Rica,99.8131289122224,2022
People using at least basic drinking water services (% of population),C么te d'Ivoire,72.8509256505983,2022
People using at least basic drinking water services (% of population),Croatia,,2022
People using at least basic drinking water services (% of population),Cuba,94.6527039156214,2022
People using at least basic drinking water services (% of population),Cura莽ao,,2022
People using at least basic drinking water services (% of population),Cyprus,99.7650627352206,2022
People using at least basic drinking water services (% of population),Czechia,99.8808566286988,2022
People using at least basic drinking water services (% of population),Denmark,100,2022
People using at least basic drinking water services (% of population),Djibouti,76.1671170797547,2022
People using at least basic drinking water services (% of population),Dominica,,2022
People using at least basic drinking water services (% of population),Dominican Republic,96.7545243422804,2022
People using at least basic drinking water services (% of population),Ecuador,95.7033432314017,2022
People using at least basic drinking water services (% of population),Egypt,98.76885789947,2022
People using at least basic drinking water services (% of population),El Salvador,98.5931599892378,2022
People using at least basic drinking water services (% of population),Equatorial Guinea,,2022
People using at least basic drinking water services (% of population),Eritrea,,2022
People using at least basic drinking water services (% of population),Estonia,100,2022
People using at least basic drinking water services (% of population),Eswatini,73.4672019213958,2022
People using at least basic drinking water services (% of population),Ethiopia,51.5129596643217,2022
People using at least basic drinking water services (% of population),Faroe Islands,100,2022
People using at least basic drinking water services (% of population),Fiji,95.4886326493094,2022
People using at least basic drinking water services (% of population),Finland,100,2022
People using at least basic drinking water services (% of population),France,100,2022
People using at least basic drinking water services (% of population),Gabon,86.9277658767769,2022
People using at least basic drinking water services (% of population),Gambia,85.6466129857002,2022
People using at least basic drinking water services (% of population),Georgia,94.9775354600958,2022
People using at least basic drinking water services (% of population),Germany,99.9999985568823,2022
People using at least basic drinking water services (% of population),Ghana,88.3676095492321,2022
People using at least basic drinking water services (% of population),Gibraltar,100,2022
People using at least basic drinking water services (% of population),Greece,99.9999994922049,2022
People using at least basic drinking water services (% of population),Greenland,100,2022
People using at least basic drinking water services (% of population),Grenada,,2022
People using at least basic drinking water services (% of population),Guam,99.6952,2022
People using at least basic drinking water services (% of population),Guatemala,94.6161088345289,2022
People using at least basic drinking water services (% of population),Guinea,71.4512116094591,2022
People using at least basic drinking water services (% of population),Guinea-Bissau,61.7761332755677,2022
People using at least basic drinking water services (% of population),Guyana,95.859737279822,2022
People using at least basic drinking water services (% of population),Haiti,67.4188847160194,2022
People using at least basic drinking water services (% of population),Honduras,95.8040948791663,2022
People using at least basic drinking water services (% of population),"China, Hong Kong SAR",100,2022
People using at least basic drinking water services (% of population),Hungary,100,2022
People using at least basic drinking water services (% of population),Iceland,100,2022
People using at least basic drinking water services (% of population),India,93.2990957819488,2022
People using at least basic drinking water services (% of population),Indonesia,94.1071925536807,2022
People using at least basic drinking water services (% of population),Iran (Islamic Republic of),97.6911866422492,2022
People using at least basic drinking water services (% of population),Iraq,98.3828524840209,2022
People using at least basic drinking water services (% of population),Ireland,95.9914050398065,2022
People using at least basic drinking water services (% of population),Isle of Man,99.8838516129032,2022
People using at least basic drinking water services (% of population),Israel,100,2022
People using at least basic drinking water services (% of population),Italy,99.9170340740928,2022
People using at least basic drinking water services (% of population),Jamaica,91.0996333244216,2022
People using at least basic drinking water services (% of population),Japan,99.1367421724074,2022
People using at least basic drinking water services (% of population),Jordan,98.9693851728147,2022
People using at least basic drinking water services (% of population),Kazakhstan,,2022
People using at least basic drinking water services (% of population),Kenya,62.8617775763,2022
People using at least basic drinking water services (% of population),Kiribati,75.6941055370349,2022
People using at least basic drinking water services (% of population),Democratic People's Republic of Korea,93.8875019271451,2022
People using at least basic drinking water services (% of population),Republic of Korea,100,2022
People using at least basic drinking water services (% of population),Kuwait,100,2022
People using at least basic drinking water services (% of population),Kyrgyzstan,90.7958070939439,2022
People using at least basic drinking water services (% of population),Lao People's Democratic Republic,85.4618004006903,2022
People using at least basic drinking water services (% of population),Latvia,98.8935273885372,2022
People using at least basic drinking water services (% of population),Lebanon,92.6,2022
People using at least basic drinking water services (% of population),Lesotho,73.9707085109086,2022
People using at least basic drinking water services (% of population),Liberia,75.6101315165298,2022
People using at least basic drinking water services (% of population),Libya,99.8915237987819,2022
People using at least basic drinking water services (% of population),Liechtenstein,100,2022
People using at least basic drinking water services (% of population),Lithuania,98.0394016663634,2022
People using at least basic drinking water services (% of population),Luxembourg,99.8859478338476,2022
People using at least basic drinking water services (% of population),Madagascar,53.4658834155826,2022
People using at least basic drinking water services (% of population),Malawi,71.8719097810746,2022
People using at least basic drinking water services (% of population),Malaysia,97.1564591913943,2022
People using at least basic drinking water services (% of population),Maldives,99.5583460846233,2022
People using at least basic drinking water services (% of population),Mali,83.6494636701057,2022
People using at least basic drinking water services (% of population),Malta,100,2022
People using at least basic drinking water services (% of population),Marshall Islands,85.0637399586713,2022
People using at least basic drinking water services (% of population),Mauritania,77.8112586877045,2022
People using at least basic drinking water services (% of population),Mauritius,99.9999995490947,2022
People using at least basic drinking water services (% of population),Mexico,99.7064294458755,2022
People using at least basic drinking water services (% of population),Micronesia (Federated States of)',,2022
People using at least basic drinking water services (% of population),Republic of Moldova,92.0242680911962,2022
People using at least basic drinking water services (% of population),Monaco,100,2022
People using at least basic drinking water services (% of population),Mongolia,83.5112272352902,2022
People using at least basic drinking water services (% of population),Montenegro,98.8638736312685,2022
People using at least basic drinking water services (% of population),Morocco,87.0194584866446,2022
People using at least basic drinking water services (% of population),Mozambique,63.1953657541075,2022
People using at least basic drinking water services (% of population),Myanmar,82.3844402137068,2022
People using at least basic drinking water services (% of population),Namibia,85.9121143953787,2022
People using at least basic drinking water services (% of population),Nauru,,2022
People using at least basic drinking water services (% of population),Nepal,91.2350965073504,2022
People using at least basic drinking water services (% of population),Netherlands,99.9999974368313,2022
People using at least basic drinking water services (% of population),New Caledonia,99.5386729881695,2022
People using at least basic drinking water services (% of population),New Zealand,100,2022
People using at least basic drinking water services (% of population),Nicaragua,,2022
People using at least basic drinking water services (% of population),Niger,48.896070488521,2022
People using at least basic drinking water services (% of population),Nigeria,79.6394085948484,2022
People using at least basic drinking water services (% of population),Republic of North Macedonia,97.842561810109,2022
People using at least basic drinking water services (% of population),Northern Mariana Islands,100,2022
People using at least basic drinking water services (% of population),Norway,100,2022
People using at least basic drinking water services (% of population),Oman,92.4399687647301,2022
People using at least basic drinking water services (% of population),Pakistan,90.6257538469708,2022
People using at least basic drinking water services (% of population),Palau,99.5704494394572,2022
People using at least basic drinking water services (% of population),Panama,94.6515652983232,2022
People using at least basic drinking water services (% of population),Papua New Guinea,50.2351809434902,2022
People using at least basic drinking water services (% of population),Paraguay,99.5983928104585,2022
People using at least basic drinking water services (% of population),Peru,94.8058093151953,2022
People using at least basic drinking water services (% of population),Philippines,94.8763113585893,2022
People using at least basic drinking water services (% of population),Poland,90.3695800959207,2022
People using at least basic drinking water services (% of population),Portugal,99.2604090152506,2022
People using at least basic drinking water services (% of population),Puerto Rico,100,2022
People using at least basic drinking water services (% of population),Qatar,99.9889721417312,2022
People using at least basic drinking water services (% of population),Romania,99.9999979732841,2022
People using at least basic drinking water services (% of population),Russian Federation,97.0515979366034,2022
People using at least basic drinking water services (% of population),Rwanda,65.1008780704924,2022
People using at least basic drinking water services (% of population),Samoa,99.0376144418681,2022
People using at least basic drinking water services (% of population),San Marino,100,2022
People using at least basic drinking water services (% of population),Sao Tome and Principe,77.3411165329901,2022
People using at least basic drinking water services (% of population),Saudi Arabia,98.6497582157805,2022
People using at least basic drinking water services (% of population),Senegal,86.2497738333803,2022
People using at least basic drinking water services (% of population),Serbia,95.6781370756231,2022
People using at least basic drinking water services (% of population),Seychelles,96.4188435589863,2022
People using at least basic drinking water services (% of population),Sierra Leone,65.340117893082,2022
People using at least basic drinking water services (% of population),Singapore,100,2022
People using at least basic drinking water services (% of population),Slovakia,99.7871080625055,2022
People using at least basic drinking water services (% of population),Slovenia,99.5,2022
People using at least basic drinking water services (% of population),Solomon Islands,,2022
People using at least basic drinking water services (% of population),Somalia,58.2595030744228,2022
People using at least basic drinking water services (% of population),South Africa,94.4920893511476,2022
People using at least basic drinking water services (% of population),South Sudan,41.186592846362,2022
People using at least basic drinking water services (% of population),Spain,99.925157573403,2022
People using at least basic drinking water services (% of population),Sri Lanka,89.3101072894811,2022
People using at least basic drinking water services (% of population),Saint Kitts and Nevis,,2022
People using at least basic drinking water services (% of population),St. Lucia,96.8886605816915,2022
People using at least basic drinking water services (% of population),Saint-Martin (French part),99.9263338252635,2022
People using at least basic drinking water services (% of population),Saint Vincent and the Grenadines,,2022
People using at least basic drinking water services (% of population),Sudan,64.920075323352,2022
People using at least basic drinking water services (% of population),Suriname,97.9930133351381,2022
People using at least basic drinking water services (% of population),Sweden,99.7388798657575,2022
People using at least basic drinking water services (% of population),Switzerland,100,2022
People using at least basic drinking water services (% of population),Syrian Arab Republic,94.077932983395,2022
People using at least basic drinking water services (% of population),Tajikistan,81.9399075495213,2022
People using at least basic drinking water services (% of population),United Republic of Tanzania,60.7911570296173,2022
People using at least basic drinking water services (% of population),Thailand,100,2022
People using at least basic drinking water services (% of population),Timor-Leste,87.0186359918728,2022
People using at least basic drinking water services (% of population),Togo,70.990716058795,2022
People using at least basic drinking water services (% of population),Tonga,98.8120761396693,2022
People using at least basic drinking water services (% of population),Trinidad and Tobago,98.8751707692306,2022
People using at least basic drinking water services (% of population),Tunisia,97.1817312536701,2022
People using at least basic drinking water services (% of population),Turkiye,97.0261882445268,2022
People using at least basic drinking water services (% of population),Turkmenistan,100,2022
People using at least basic drinking water services (% of population),Turks and Caicos Islands,98.8035417706889,2022
People using at least basic drinking water services (% of population),Tuvalu,99.2561633864304,2022
People using at least basic drinking water services (% of population),Uganda,59.2596090091018,2022
People using at least basic drinking water services (% of population),Ukraine,93.5897983790345,2022
People using at least basic drinking water services (% of population),United Arab Emirates,100,2022
People using at least basic drinking water services (% of population),United Kingdom of Great Britain and Northern Ireland,99.9999978822248,2022
People using at least basic drinking water services (% of population),United States of America,99.9641128436489,2022
People using at least basic drinking water services (% of population),Uruguay,99.5079806151954,2022
People using at least basic drinking water services (% of population),Uzbekistan,96.6228099580116,2022
People using at least basic drinking water services (% of population),Vanuatu,91.3375162948399,2022
People using at least basic drinking water services (% of population),Venezuela (Bolivarian Republic of),93.3316109894304,2022
People using at least basic drinking water services (% of population),Viet Nam,97.9568165843155,2022
People using at least basic drinking water services (% of population),United States Virgin Islands,,2022
People using at least basic drinking water services (% of population),Palestine,98.4446403150219,2022
People using at least basic drinking water services (% of population),Yemen,61.7582437029235,2022
People using at least basic drinking water services (% of population),Zambia,68.2478065027082,2022
People using at least basic drinking water services (% of population),Zimbabwe,62.2942549617495,2022
